{"context":"et_theme_builder","templates":[{"title":"All Category Pages","autogenerated_title":true,"default":false,"enabled":true,"use_on":["archive:taxonomy:category:all"],"exclude_from":[],"layouts":{"header":{"id":0,"enabled":true},"body":{"id":227438,"enabled":true},"footer":{"id":0,"enabled":true}}}],"layouts":{"227438":{"context":"et_builder","data":{"227438":"[et_pb_section fb_built=\"1\" _builder_version=\"4.0.2\" top_divider_style=\"ramp2\" top_divider_color=\"rgba(73,78,107,0.07)\" top_divider_height=\"90vw\" top_divider_flip=\"horizontal|vertical\" hover_enabled=\"0\"][et_pb_row _builder_version=\"4.0.2\"][et_pb_column type=\"4_4\" _builder_version=\"4.0.2\"][et_pb_text _builder_version=\"4.0.2\" _dynamic_attributes=\"content\" header_font=\"Ubuntu|700|||||||\" header_text_color=\"#192231\" header_font_size=\"48px\" header_line_height=\"1.2em\" hover_enabled=\"0\" header_font_size_tablet=\"38px\" header_font_size_phone=\"28px\" header_font_size_last_edited=\"on|phone\"]@ET-DC@eyJkeW5hbWljIjp0cnVlLCJjb250ZW50IjoicG9zdF90aXRsZSIsInNldHRpbmdzIjp7ImJlZm9yZSI6IjxoMT4iLCJhZnRlciI6IiBBcnRpY2xlczwvaDE+In19@[\/et_pb_text][et_pb_divider color=\"#985e6d\" divider_weight=\"3px\" _builder_version=\"4.0.2\" max_width=\"200px\" hover_enabled=\"0\"][\/et_pb_divider][\/et_pb_column][\/et_pb_row][et_pb_row column_structure=\"2_5,3_5\" _builder_version=\"4.0.2\"][et_pb_column type=\"2_5\" _builder_version=\"4.0.2\"][et_pb_post_slider use_current_loop=\"on\" posts_number=\"4\" show_meta=\"off\" _builder_version=\"4.0.2\" header_font=\"Ubuntu||||||||\" header_line_height=\"1.3em\" custom_button=\"on\" button_text_size=\"16px\" button_bg_color=\"#985e6d\" button_border_width=\"0px\" button_font=\"Ubuntu||||||||\" text_orientation=\"left\" box_shadow_style=\"preset1\" box_shadow_blur=\"70px\" box_shadow_spread=\"-10px\" box_shadow_color=\"rgba(25,34,49,0.3)\"][\/et_pb_post_slider][\/et_pb_column][et_pb_column type=\"3_5\" _builder_version=\"4.0.2\"][et_pb_blog use_current_loop=\"on\" posts_number=\"3\" use_manual_excerpt=\"off\" excerpt_length=\"120\" show_author=\"off\" show_pagination=\"off\" offset_number=\"1\" module_class=\"left-blog-image\" _builder_version=\"4.0.2\" header_font=\"Ubuntu|700|||||||\" header_text_color=\"#192231\" header_font_size=\"18px\" meta_font=\"Ubuntu||||||||\" meta_text_color=\"#985e6d\" meta_font_size=\"13px\" read_more_font=\"Ubuntu|700|||on||||\" read_more_text_color=\"#985e6d\" pagination_font=\"Ubuntu||||||||\" pagination_text_color=\"#985e6d\" pagination_font_size=\"18px\" pagination_line_height=\"2em\" background_enable_color=\"off\" hover_enabled=\"0\" border_width_all=\"0px\" locked=\"off\"][\/et_pb_blog][et_pb_code _builder_version=\"4.0.2\" hover_enabled=\"0\"]<style><!-- [et_pb_line_break_holder] -->@media (min-width: 981px) {<!-- [et_pb_line_break_holder] -->\t.left-blog-image .et_pb_post .entry-featured-image-url {<!-- [et_pb_line_break_holder] -->    float: left;<!-- [et_pb_line_break_holder] -->    width: 100%;<!-- [et_pb_line_break_holder] -->    max-width: 150px;<!-- [et_pb_line_break_holder] -->    margin: 0 20px 30px 0;<!-- [et_pb_line_break_holder] -->}<!-- [et_pb_line_break_holder] -->  .left-blog-image .et_pb_post {<!-- [et_pb_line_break_holder] -->    margin-bottom: 20px !important;<!-- [et_pb_line_break_holder] -->  }<!-- [et_pb_line_break_holder] -->}<!-- [et_pb_line_break_holder] --><\/style>[\/et_pb_code][et_pb_code _builder_version=\"4.0.2\"][\/et_pb_code][\/et_pb_column][\/et_pb_row][et_pb_row _builder_version=\"4.0.2\"][et_pb_column type=\"4_4\" _builder_version=\"4.0.2\"][et_pb_blog fullwidth=\"off\" use_current_loop=\"on\" posts_number=\"9\" use_manual_excerpt=\"off\" excerpt_length=\"120\" show_more=\"on\" show_author=\"off\" offset_number=\"4\" _builder_version=\"4.0.2\" header_font=\"Ubuntu|700|||||||\" header_text_color=\"#192231\" meta_font=\"Ubuntu||||||||\" meta_text_color=\"#985e6d\" meta_font_size=\"13px\" read_more_font=\"Ubuntu|700|||on||||\" read_more_text_color=\"#985e6d\" pagination_font=\"Ubuntu||||||||\" pagination_text_color=\"#985e6d\" pagination_font_size=\"18px\" pagination_line_height=\"2em\" hover_enabled=\"0\" border_width_all=\"0px\" box_shadow_style=\"preset1\" box_shadow_blur=\"70px\" box_shadow_spread=\"-10px\" box_shadow_color=\"rgba(25,34,49,0.3)\"][\/et_pb_blog][\/et_pb_column][\/et_pb_row][et_pb_row _builder_version=\"4.0.2\"][et_pb_column type=\"4_4\" _builder_version=\"4.0.2\"][et_pb_code _builder_version=\"4.0.2\"][\/et_pb_code][\/et_pb_column][\/et_pb_row][\/et_pb_section]"},"images":[],"post_type":"et_body_layout","theme_builder":{"is_global":false}}},"has_default_template":false,"has_global_layouts":false}